timestamp,task_type,compute_cost,data_size_bytes,pod_cpu_load,pod_battery,pod_temperature,num_pods,avg_cpu_load,label,pod_name,pod_lat,pod_lon
2025-10-19T15:35:59.074554+04:00,AI Predictive Maintenance,5,10000000,-1.0,-1.0,-1.0,10,44.642460887703315,10,,,
2025-10-19T15:35:59.137922+04:00,Incident Management,10,4000,83.8186637144964,42.32331414233769,42.05190402774294,10,40.00799511637472,0,Dubai Internet City,25.095,55.1595
2025-10-19T15:36:00.908232+04:00,Data Encryption,5,500000,79.56033895090145,68.7718225441374,35.9316595670475,10,46.43578271613573,0,Dubai Internet City,25.095,55.1595
2025-10-19T15:36:00.998505+04:00,Capacity Planning,60,500000,30.961325701114422,38.64010843852813,26.503987592393422,10,36.11385831150238,3,Jebel Ali Industrial Area,24.987,55.061
2025-10-19T15:36:01.061838+04:00,AI Predictive Maintenance,20,10000000,-1.0,-1.0,-1.0,10,30.458937463723885,10,,,
2025-10-19T15:36:01.139254+04:00,Disaster Recovery,15,500000,17.823681539530636,45.26819296048502,20.383459881847394,10,51.88567550946514,0,Dubai Internet City,25.095,55.1595
2025-10-19T15:36:01.257409+04:00,Real-time Monitoring,80,200000,10.516864271264433,22.0249704761738,22.867232601791343,10,44.84362100832168,8,Dubai Academic City,25.118,55.404
2025-10-19T15:36:01.325558+04:00,Vulnerability Management,10,200000,14.872530560574981,91.35395618741052,14.403021116117445,10,47.974157891561845,0,Dubai Internet City,25.095,55.1595
2025-10-19T15:36:01.396996+04:00,Security Analytics,30,10000000,-1.0,-1.0,-1.0,10,50.05719639790011,10,,,
2025-10-19T15:36:01.461030+04:00,Asset Management,15,2000000,59.29610142935274,14.377278682473898,35.248680538481665,10,37.404335455164365,0,Dubai Internet City,25.095,55.1595
2025-10-19T15:36:01.560770+04:00,Power/Cooling Optimization,40,10000000,-1.0,-1.0,-1.0,10,37.196791371503494,10,,,
2025-10-19T15:36:01.647720+04:00,Data Encryption,30,2000000,4.367185304766624,72.51457160353212,16.667005633232463,10,48.664845403148924,0,Dubai Internet City,25.095,55.1595
2025-10-19T15:36:02.118233+04:00,Real-time Monitoring,5,2000000,1.3209829671952344,62.506930091139914,17.65491398206293,10,38.78962582022292,0,Dubai Internet City,25.095,55.1595
2025-10-19T15:36:02.228412+04:00,Automation,40,10000000,-1.0,-1.0,-1.0,10,42.486178206878364,10,,,
2025-10-19T15:36:02.291441+04:00,Automated Provisioning,15,500000,53.31910477489079,96.53589330308769,24.69114977733593,10,63.55587151849511,0,Dubai Internet City,25.095,55.1595
2025-10-19T15:36:02.356721+04:00,Disaster Recovery,80,4000,1.4433300985511943,74.89274792609861,16.49028432338052,10,40.47434231173213,4,Business Bay,25.184,55.264
2025-10-19T15:36:02.421488+04:00,Secure Data Disposal,5,200000,27.292892748684906,35.246443998479954,24.446434443221666,10,40.33799234446069,0,Dubai Internet City,25.095,55.1595
2025-10-19T15:36:02.488054+04:00,Capacity Planning,60,500000,39.60018256928423,10.50345790567891,29.87917731289012,10,60.41388202752844,5,Al Quoz,25.136,55.22
2025-10-19T15:36:02.562270+04:00,Incident Management,15,500000,62.05473574967388,70.59481192385094,31.731245636105488,10,49.10952084646788,0,Dubai Internet City,25.095,55.1595
2025-10-19T15:36:02.625966+04:00,AI Predictive Maintenance,40,10000000,-1.0,-1.0,-1.0,10,35.21520704011261,10,,,
2025-10-19T15:36:02.695264+04:00,MLOps,20,500000,7.483704605436879,53.02097204990497,17.072712914382326,10,40.42104656171561,0,Dubai Internet City,25.095,55.1595
2025-10-19T15:36:02.759690+04:00,AI Predictive Maintenance,60,200000,7.868256187583094,19.390064087567666,22.22633814428863,10,55.70666312974821,0,Dubai Internet City,25.095,55.1595
2025-10-19T15:36:02.859918+04:00,Vulnerability Management,60,200000,1.9033171105329694,42.654357303495274,18.71151149493834,10,48.61694927538191,4,Business Bay,25.184,55.264
2025-10-19T15:36:02.945090+04:00,Environmental Controls,20,10000000,-1.0,-1.0,-1.0,10,37.12821734750912,10,,,
2025-10-19T15:36:05.661179+04:00,Network Security,10,200000,51.17197675180241,83.50874955096296,26.736846119009016,10,40.78251375790571,0,Dubai Internet City,25.095,55.1595
2025-10-19T15:36:05.730624+04:00,Automated Provisioning,60,10000000,-1.0,-1.0,-1.0,10,38.95145354235736,10,,,
2025-10-19T15:36:05.798586+04:00,Physical Access Control,5,4000,55.17261536889075,88.56298613760006,27.304796485502546,10,36.390302514371214,0,Dubai Internet City,25.095,55.1595
2025-10-19T15:36:05.867530+04:00,Incident Management,15,2000000,1.7940271304307442,43.895366206188186,17.68674791180974,10,21.61300107289265,0,Dubai Internet City,25.095,55.1595
2025-10-19T15:36:05.931474+04:00,MLOps,60,10000000,-1.0,-1.0,-1.0,10,44.669068392247055,10,,,
2025-10-19T15:36:06.032959+04:00,MLOps,5,10000000,-1.0,-1.0,-1.0,10,34.11489988576747,10,,,
2025-10-19T15:36:06.096866+04:00,Preventive Maintenance,40,500000,27.998660816966375,45.45267457611061,24.48449489070093,10,31.4606971756023,1,Dubai Silicon Oasis,25.1265,55.3925
2025-10-19T15:36:06.641000+04:00,Incident Management,20,200000,73.97153956864467,98.1428136130815,31.687761125020206,10,54.075994590957535,0,Dubai Internet City,25.095,55.1595
2025-10-19T15:36:06.713997+04:00,Asset Management,40,200000,10.125418565714913,57.1314426366016,16.947221371661513,10,53.40404173875036,1,Dubai Silicon Oasis,25.1265,55.3925
2025-10-19T15:36:06.777630+04:00,AI Predictive Maintenance,40,200000,50.47220418265096,94.17607909066018,27.22590074991042,10,55.86971422530754,1,Dubai Silicon Oasis,25.1265,55.3925
2025-10-19T15:36:06.850748+04:00,Automated Provisioning,10,500000,81.85551753943359,61.039518736666246,38.004886306194834,10,49.37812524180561,0,Dubai Internet City,25.095,55.1595
2025-10-19T15:36:06.916153+04:00,AI Predictive Maintenance,10,200000,63.18215313674234,57.10216736436659,33.15855122728163,10,52.317359168113626,0,Dubai Internet City,25.095,55.1595
2025-10-19T15:36:06.981927+04:00,Disaster Recovery,60,200000,3.882657235853233,49.08375556646552,16.915738175257847,10,36.875808550365754,0,Dubai Internet City,25.095,55.1595
2025-10-19T15:36:07.047135+04:00,Workload Management,15,10000000,-1.0,-1.0,-1.0,10,49.630933797522474,10,,,
2025-10-19T15:36:07.109810+04:00,Automation,40,500000,21.431993944874037,85.4365579662071,17.890762381721583,10,42.57294457407396,0,Dubai Internet City,25.095,55.1595
2025-10-19T15:36:07.208375+04:00,Vulnerability Management,10,4000,35.133561382957986,25.10043688898922,27.70788947140073,10,56.2788262586291,0,Dubai Internet City,25.095,55.1595
2025-10-19T15:36:07.270618+04:00,Real-time Monitoring,40,2000000,1.0997460967954809,42.74199190332876,18.798565304586557,10,36.3680284380837,0,Dubai Internet City,25.095,55.1595
2025-10-19T15:36:07.349230+04:00,Environmental Controls,80,2000000,1.8079946112255374,64.20182401973906,17.691513409605662,10,53.39748597469304,0,Dubai Internet City,25.095,55.1595
2025-10-19T15:36:07.424708+04:00,Redundancy Validation,40,10000000,-1.0,-1.0,-1.0,10,37.73114687528592,10,,,
2025-10-19T15:36:07.523193+04:00,Preventive Maintenance,15,10000000,-1.0,-1.0,-1.0,10,48.15430696428305,10,,,
2025-10-19T15:36:07.986983+04:00,MLOps,30,2000000,37.137476557394564,87.76791434381141,22.314042653601394,10,46.82956953734548,0,Dubai Internet City,25.095,55.1595
2025-10-19T15:36:08.080055+04:00,Disaster Recovery,60,10000000,-1.0,-1.0,-1.0,10,38.212027074873525,10,,,
2025-10-19T15:36:08.143641+04:00,Secure Data Disposal,40,200000,29.464477658274973,45.38564810890188,23.277278119150104,10,61.23115122296521,2,Dubai Marina,25.08,55.14
2025-10-19T15:36:08.275927+04:00,MLOps,80,2000000,19.185935250085024,28.95722861190206,21.008908168878634,10,31.83907467805043,0,Dubai Internet City,25.095,55.1595
2025-10-19T15:36:08.338887+04:00,Capacity Planning,80,4000,15.775719784934923,57.13579102296435,18.412872594444735,10,40.22669277135625,0,Dubai Internet City,25.095,55.1595
2025-10-19T15:36:08.409181+04:00,Workload Management,30,2000000,13.456099036360916,35.34958389842658,20.370213342202447,10,42.257247364596566,0,Dubai Internet City,25.095,55.1595
2025-10-19T15:36:08.476700+04:00,Automated Provisioning,10,4000,55.39638163269514,27.660377642557826,34.62059847879918,10,51.76594517677059,0,Dubai Internet City,25.095,55.1595
2025-10-19T15:36:08.541904+04:00,Preventive Maintenance,30,10000000,-1.0,-1.0,-1.0,10,47.08422953090438,10,,,
2025-10-19T15:36:08.607474+04:00,Preventive Maintenance,10,4000,65.37773180144757,14.289952056797915,37.25324171253337,10,61.13657740983433,0,Dubai Internet City,25.095,55.1595
2025-10-19T15:36:08.668770+04:00,Incident Management,5,4000,3.7945900977270277,96.98825084067957,16.072717905487348,10,44.56510078586565,0,Dubai Internet City,25.095,55.1595
2025-10-19T15:36:08.733911+04:00,Disaster Recovery,30,200000,18.788906376954653,70.84569085103024,17.95012616283087,10,35.499801054019386,0,Dubai Internet City,25.095,55.1595
2025-10-19T15:36:08.797687+04:00,Vulnerability Management,10,200000,62.64845436256425,40.7952604441645,36.386983474688584,10,47.23460243868235,0,Dubai Internet City,25.095,55.1595
2025-10-19T15:36:08.877643+04:00,Incident Management,5,500000,61.040273144026024,17.020762007411903,34.7541374852734,10,59.81061200109923,0,Dubai Internet City,25.095,55.1595
2025-10-19T15:36:09.051378+04:00,Asset Management,40,200000,41.84670722560329,35.888592087552595,28.805405148197142,10,46.66324928750009,2,Dubai Marina,25.08,55.14
2025-10-19T15:36:09.460814+04:00,Security Analytics,15,10000000,-1.0,-1.0,-1.0,10,40.88522987779355,10,,,
2025-10-19T15:36:09.531010+04:00,Data Encryption,30,10000000,-1.0,-1.0,-1.0,10,65.54379784072614,10,,,
2025-10-19T15:36:09.595980+04:00,Disaster Recovery,30,200000,55.488014133786514,14.19877515517812,33.73438652252029,10,42.303131151266626,0,Dubai Internet City,25.095,55.1595
2025-10-19T15:36:09.658528+04:00,Incident Management,30,500000,6.752946725547576,42.90694276661854,18.3231861088926,10,41.603677346088034,0,Dubai Internet City,25.095,55.1595
2025-10-19T15:36:09.731695+04:00,Environmental Controls,30,10000000,-1.0,-1.0,-1.0,10,59.97559902406239,10,,,
2025-10-19T15:36:10.117853+04:00,Disaster Recovery,80,10000000,-1.0,-1.0,-1.0,10,35.33058448791786,10,,,
2025-10-19T15:36:10.206136+04:00,Capacity Planning,15,10000000,-1.0,-1.0,-1.0,10,48.70820153104013,10,,,
2025-10-19T15:36:10.271887+04:00,Secure Data Disposal,80,2000000,15.95718907432235,10.43086312350037,23.284994770291572,10,52.0329317701488,2,Dubai Marina,25.08,55.14
2025-10-19T15:36:10.334595+04:00,Disaster Recovery,30,2000000,31.42061247834014,40.60594742965172,26.755344230664306,10,40.050860292643776,0,Dubai Internet City,25.095,55.1595
2025-10-19T15:36:10.586082+04:00,Environmental Controls,20,4000,16.022057340039094,93.29649013138358,14.596058774732235,10,37.801019635513114,0,Dubai Internet City,25.095,55.1595
2025-10-19T15:36:10.870505+04:00,Power/Cooling Optimization,60,500000,17.703944929365612,73.22813075834793,18.23249863855718,10,50.59322503997527,0,Dubai Internet City,25.095,55.1595
2025-10-19T15:36:10.948769+04:00,Secure Data Disposal,80,500000,9.018684214401702,49.11475348623464,16.94578063986787,10,24.665098475205244,0,Dubai Internet City,25.095,55.1595
2025-10-19T15:36:11.016705+04:00,Physical Access Control,80,500000,6.74218998156899,28.058349140575732,21.924973119812442,10,43.85876165767322,2,Dubai Marina,25.08,55.14
2025-10-19T15:36:11.094843+04:00,Automated Provisioning,80,200000,4.74605821109603,42.46793193684689,18.40477819326243,10,38.626373086497026,1,Dubai Silicon Oasis,25.1265,55.3925
2025-10-19T15:36:11.165260+04:00,Network Security,20,200000,58.8897268490138,56.479494240199934,32.42834997762372,10,45.370511897287614,0,Dubai Internet City,25.095,55.1595
2025-10-19T15:36:11.227330+04:00,Workload Management,20,4000,12.329951284107661,50.31786969348075,17.92984167840261,10,38.31294203589766,1,Dubai Silicon Oasis,25.1265,55.3925
2025-10-19T15:36:11.310440+04:00,Environmental Controls,30,10000000,-1.0,-1.0,-1.0,10,49.52294873944139,10,,,
2025-10-19T15:36:11.384557+04:00,Disaster Recovery,40,4000,34.04760366162707,23.723418440436824,27.989183386438693,10,45.516084196538856,0,Dubai Internet City,25.095,55.1595
2025-10-19T15:36:11.463483+04:00,Asset Management,20,500000,51.206902875023374,10.967892096687343,34.95640979293625,10,63.4463833702289,0,Dubai Internet City,25.095,55.1595
2025-10-19T15:36:11.558635+04:00,Secure Data Disposal,80,4000,-1.0,-1.0,-1.0,10,56.03647172506034,10,,,
2025-10-19T15:36:11.668667+04:00,Workload Management,5,200000,77.63439887833509,12.331541569811018,42.8217659734016,10,47.30392342371651,0,Dubai Internet City,25.095,55.1595
2025-10-19T15:36:11.750148+04:00,Incident Management,60,500000,6.923841457017494,61.71045969753674,17.619098231157672,10,49.59250047877828,0,Dubai Internet City,25.095,55.1595
2025-10-19T15:36:12.478877+04:00,Asset Management,80,2000000,17.27520439155685,89.04714734121411,15.334470401371531,10,47.57791676257109,3,Jebel Ali Industrial Area,24.987,55.061
2025-10-19T15:36:12.617384+04:00,Capacity Planning,40,200000,0.5469514798279262,37.47348227184927,20.441011059592718,10,40.92422892666213,0,Dubai Internet City,25.095,55.1595
2025-10-19T15:36:12.754282+04:00,Secure Data Disposal,60,2000000,-1.0,-1.0,-1.0,10,64.27140087383734,10,,,
2025-10-19T15:36:12.831610+04:00,Preventive Maintenance,40,10000000,-1.0,-1.0,-1.0,10,45.591277095666726,10,,,
2025-10-19T15:36:14.524856+04:00,Vulnerability Management,80,4000,6.497315321094822,52.66730564095618,17.27450482085356,10,38.98353501891224,0,Dubai Internet City,25.095,55.1595
2025-10-19T15:36:15.471714+04:00,MLOps,40,200000,27.547010678361925,44.952992202065055,25.260812284727375,10,37.03090583099849,1,Dubai Silicon Oasis,25.1265,55.3925
2025-10-19T15:36:18.516060+04:00,Data Encryption,5,2000000,50.75844105024671,24.479592438881692,32.53914602910342,10,39.41222829119373,0,Dubai Internet City,25.095,55.1595
2025-10-19T15:36:19.921636+04:00,Physical Access Control,10,4000,20.804498130756343,83.44880901591347,17.809076662781266,10,51.0397415146367,0,Dubai Internet City,25.095,55.1595
2025-10-19T15:36:20.320848+04:00,Preventive Maintenance,80,500000,11.15861124784033,33.81005548244836,20.282980130618284,10,47.089215228535274,0,Dubai Internet City,25.095,55.1595
2025-10-19T15:36:20.444084+04:00,Data Encryption,80,4000,0.8803597645714134,65.2669425142943,17.531220740464526,10,49.19275689507403,2,Dubai Marina,25.08,55.14
2025-10-19T15:36:20.545926+04:00,Real-time Monitoring,80,200000,7.571512014968293,38.26511864296085,20.602807718127497,10,53.8148214777795,0,Dubai Internet City,25.095,55.1595
2025-10-19T15:36:20.777587+04:00,Asset Management,40,10000000,-1.0,-1.0,-1.0,10,45.996740916690115,10,,,
2025-10-19T15:36:21.025638+04:00,Disaster Recovery,15,10000000,-1.0,-1.0,-1.0,10,59.48022056400994,10,,,
2025-10-19T15:36:21.456046+04:00,Physical Access Control,60,500000,13.126444938563893,43.60560410329594,20.77519119748344,10,42.59628691990607,0,Dubai Internet City,25.095,55.1595
2025-10-19T15:36:22.055023+04:00,Automation,5,10000000,-1.0,-1.0,-1.0,10,54.208888211865386,10,,,
2025-10-19T15:36:22.378659+04:00,Data Encryption,60,500000,20.626810181413692,25.41457957445858,23.69961617494859,10,43.86766297268307,0,Dubai Internet City,25.095,55.1595
2025-10-19T15:36:22.566648+04:00,AI Predictive Maintenance,60,500000,18.330647032706384,17.315888196825007,23.40412630548094,10,43.66288975626506,0,Dubai Internet City,25.095,55.1595
2025-10-19T15:36:22.694809+04:00,Workload Management,15,4000,56.34906719065368,39.545625631967155,33.27044773986765,10,28.25751731291154,0,Dubai Internet City,25.095,55.1595
2025-10-19T15:36:22.835587+04:00,Disaster Recovery,15,200000,57.71841223184271,24.545048542098026,34.614086189563615,10,49.15963830512765,1,Dubai Silicon Oasis,25.1265,55.3925
2025-10-19T15:36:22.976897+04:00,Environmental Controls,10,500000,77.46074170788643,67.99567517640239,35.81306396016091,10,45.10634901064103,0,Dubai Internet City,25.095,55.1595
2025-10-19T15:36:23.379602+04:00,Data Encryption,10,10000000,-1.0,-1.0,-1.0,10,43.210374366758536,10,,,
2025-10-19T15:36:25.291849+04:00,Network Security,80,2000000,14.252821394925398,62.97255033773424,18.265651351498487,10,48.81322349444782,0,Dubai Internet City,25.095,55.1595
2025-10-19T15:36:25.844803+04:00,Preventive Maintenance,80,4000,4.460990098993054,58.86626737426315,17.458081589620914,10,47.92179384235992,2,Dubai Marina,25.08,55.14
2025-10-19T15:36:26.143768+04:00,Preventive Maintenance,5,10000000,-1.0,-1.0,-1.0,10,39.013976899456075,10,,,
2025-10-19T15:36:26.399318+04:00,Security Analytics,60,200000,24.41795508172911,54.032762082775776,21.75164592600481,10,36.29811521416762,1,Dubai Silicon Oasis,25.1265,55.3925
2025-10-19T15:36:27.310172+04:00,Automation,20,4000,44.88076759118052,81.04809128740918,25.33764140853898,10,32.44188199468091,0,Dubai Internet City,25.095,55.1595
2025-10-19T15:36:30.231235+04:00,Automated Provisioning,30,500000,30.14632153939485,95.93349947832944,19.788450842645762,10,44.673043437940535,1,Dubai Silicon Oasis,25.1265,55.3925
2025-10-19T15:36:31.374399+04:00,Vulnerability Management,30,4000,6.014241954337746,27.279897784567254,21.4313842313774,10,44.31872382580012,0,Dubai Internet City,25.095,55.1595
2025-10-19T15:36:32.093919+04:00,Network Security,15,10000000,-1.0,-1.0,-1.0,10,58.786494126847366,10,,,
2025-10-19T15:36:33.342549+04:00,Vulnerability Management,60,200000,24.648769659850306,62.96151230007211,21.187250096958667,10,45.64320849556657,1,Dubai Silicon Oasis,25.1265,55.3925
2025-10-19T15:36:33.579097+04:00,Workload Management,5,4000,7.406996065349708,69.22033195987112,17.061093143825588,10,47.761788144256734,0,Dubai Internet City,25.095,55.1595
2025-10-19T15:36:33.827861+04:00,Redundancy Validation,30,200000,1.934555046385673,83.83519987416079,15.34929551446186,10,42.02926518598194,0,Dubai Internet City,25.095,55.1595
2025-10-19T15:36:34.321003+04:00,MLOps,40,500000,3.589170119215306,51.76527565991398,16.7062600304205,10,52.06830246563396,3,Jebel Ali Industrial Area,24.987,55.061
2025-10-19T15:36:34.856874+04:00,Incident Management,20,10000000,-1.0,-1.0,-1.0,10,37.64731768738846,10,,,
2025-10-19T15:36:35.998005+04:00,Incident Management,30,10000000,-1.0,-1.0,-1.0,10,59.82502083358706,10,,,
2025-10-19T15:36:36.741632+04:00,Power/Cooling Optimization,60,200000,34.32779433532515,38.8967527332139,26.703918484479978,10,44.978269560379445,2,Dubai Marina,25.08,55.14
2025-10-19T15:36:37.606195+04:00,Preventive Maintenance,15,500000,74.64164495558074,92.01527290028152,32.6723654140173,10,41.45743875585011,0,Dubai Internet City,25.095,55.1595
2025-10-19T15:36:37.850993+04:00,Preventive Maintenance,5,10000000,-1.0,-1.0,-1.0,10,34.55195565946471,10,,,
2025-10-19T15:36:38.019367+04:00,Real-time Monitoring,80,500000,6.615507678745674,38.34114774982901,20.602807718127497,10,21.847512253867674,2,Dubai Marina,25.08,55.14
2025-10-19T15:36:38.356694+04:00,Preventive Maintenance,10,4000,14.474528922717862,93.49360129832041,15.343622688742617,10,42.780471711015224,0,Dubai Internet City,25.095,55.1595
2025-10-19T15:36:39.021841+04:00,Preventive Maintenance,30,500000,55.53505055677206,64.0032294181554,29.079755703426343,10,53.49283063661194,1,Dubai Silicon Oasis,25.1265,55.3925
2025-10-19T15:36:41.467723+04:00,Automated Provisioning,30,2000000,9.23492690016983,74.70326578195521,16.947446874815434,10,38.08805870832006,0,Dubai Internet City,25.095,55.1595
2025-10-19T15:36:43.143901+04:00,Workload Management,30,10000000,-1.0,-1.0,-1.0,10,54.36237335458064,10,,,
2025-10-19T15:36:43.599627+04:00,Secure Data Disposal,40,10000000,-1.0,-1.0,-1.0,10,41.099801941030194,10,,,
2025-10-19T15:36:43.839711+04:00,Power/Cooling Optimization,20,10000000,-1.0,-1.0,-1.0,10,46.71679997140602,10,,,
2025-10-19T15:36:44.697270+04:00,MLOps,30,10000000,-1.0,-1.0,-1.0,10,30.649981662027926,10,,,
2025-10-19T15:36:44.852727+04:00,Incident Management,15,4000,71.92332816524102,49.12411078837694,34.95955810218827,10,51.38016719978215,0,Dubai Internet City,25.095,55.1595
2025-10-19T15:36:44.977307+04:00,Asset Management,20,4000,27.390156728252038,73.26114014830802,20.15373438865104,10,42.13758127369657,0,Dubai Internet City,25.095,55.1595
2025-10-19T15:36:45.274391+04:00,Physical Access Control,60,500000,14.484694084971851,77.86142672328268,16.991522963263822,10,43.82499770486728,4,Business Bay,25.184,55.264
2025-10-19T15:36:45.464197+04:00,MLOps,10,500000,60.5821479267199,93.7794939642034,29.588259085454006,10,60.18408383641834,0,Dubai Internet City,25.095,55.1595
2025-10-19T15:36:45.556205+04:00,Automation,10,500000,25.663094300604484,70.59141929125045,19.31974301532755,10,35.71662286678982,0,Dubai Internet City,25.095,55.1595
2025-10-19T15:36:46.110753+04:00,Vulnerability Management,60,500000,26.036894993737825,94.95962220356368,18.180466969361383,10,62.866508651982635,4,Business Bay,25.184,55.264
2025-10-19T15:36:46.435413+04:00,Data Encryption,30,2000000,42.32317301396077,94.670901719609,24.376169785788857,10,43.523442636776345,0,Dubai Internet City,25.095,55.1595
2025-10-19T15:36:46.708945+04:00,Real-time Monitoring,10,200000,82.94908755516263,65.078886691572,38.41388008517627,10,52.98533661328251,0,Dubai Internet City,25.095,55.1595
2025-10-19T15:36:46.993761+04:00,Automated Provisioning,40,200000,19.71235456362429,65.59722301937873,18.33528263685081,10,56.072025893831935,0,Dubai Internet City,25.095,55.1595
2025-10-19T15:36:47.680855+04:00,Data Encryption,20,4000,21.46042467124678,27.586776001484044,24.1196854488974,10,31.26323516035627,0,Dubai Internet City,25.095,55.1595
2025-10-19T15:36:47.798240+04:00,Physical Access Control,10,500000,6.907266076462798,77.24443373200893,16.987518629243983,10,46.15325084533763,0,Dubai Internet City,25.095,55.1595
2025-10-19T15:36:47.946375+04:00,Power/Cooling Optimization,80,2000000,3.250499706913277,72.67251481004946,17.8381974308407,10,49.66143547309793,6,Dubai Knowledge Park,25.102,55.163
2025-10-19T15:36:48.059904+04:00,Preventive Maintenance,40,4000,44.92524356900252,93.60917234384303,24.65899667411027,10,42.606987439968044,2,Dubai Marina,25.08,55.14
2025-10-19T15:36:48.221913+04:00,Incident Management,15,10000000,-1.0,-1.0,-1.0,10,40.051780140290994,10,,,
2025-10-19T15:36:48.376783+04:00,Secure Data Disposal,10,200000,14.672010572694315,73.60161581109678,16.90740872802404,10,50.069037705012406,0,Dubai Internet City,25.095,55.1595
2025-10-19T15:36:48.484116+04:00,Capacity Planning,40,2000000,11.624585842276172,62.63358229228292,18.2712224092719,10,50.32495737926093,0,Dubai Internet City,25.095,55.1595
2025-10-19T15:36:48.638738+04:00,Preventive Maintenance,5,10000000,-1.0,-1.0,-1.0,10,30.201512200555875,10,,,
2025-10-19T15:36:51.007715+04:00,Security Analytics,15,10000000,-1.0,-1.0,-1.0,10,47.15650264303157,10,,,
2025-10-19T15:36:51.126643+04:00,Automated Provisioning,15,200000,0.376340589637838,69.564560104357,17.088603460528667,10,29.37145736002908,0,Dubai Internet City,25.095,55.1595
2025-10-19T15:36:52.119910+04:00,Disaster Recovery,20,4000,59.09658882978925,11.916930793256299,37.13108494032883,10,39.98077863378337,0,Dubai Internet City,25.095,55.1595
2025-10-19T15:36:53.176410+04:00,Real-time Monitoring,20,2000000,22.769483145329417,23.2347622467969,24.551233595746297,10,59.418527424086925,0,Dubai Internet City,25.095,55.1595
2025-10-19T15:36:53.400999+04:00,Environmental Controls,80,500000,8.26568410621,73.9586427308611,16.983009629849604,10,49.35687131952625,0,Dubai Internet City,25.095,55.1595
2025-10-19T15:36:53.675848+04:00,Security Analytics,80,4000,16.230250017981767,49.22498677023364,19.00252885239248,10,58.33286428135242,1,Dubai Silicon Oasis,25.1265,55.3925
2025-10-19T15:36:53.803311+04:00,Automated Provisioning,10,2000000,4.339746474386023,27.504267838017302,21.636415812870514,10,41.66791374466119,0,Dubai Internet City,25.095,55.1595
2025-10-19T15:36:53.888455+04:00,Preventive Maintenance,80,2000000,9.85566352344631,79.04053548160024,15.760779795955354,10,38.08497642596281,0,Dubai Internet City,25.095,55.1595
2025-10-19T15:36:54.006415+04:00,Capacity Planning,5,200000,13.825899993748639,83.80569091990313,15.94285409770452,10,31.268310013640644,0,Dubai Internet City,25.095,55.1595
2025-10-19T15:36:54.332647+04:00,Workload Management,40,10000000,-1.0,-1.0,-1.0,10,38.92203674869393,10,,,
2025-10-19T15:36:54.439795+04:00,Security Analytics,40,2000000,12.98617003421436,69.92506479929693,16.895613484708363,10,61.951758465023055,0,Dubai Internet City,25.095,55.1595
2025-10-19T15:36:54.591126+04:00,Automation,30,4000,53.00742387353668,30.442591184123682,33.19706180549443,10,38.79761038771118,0,Dubai Internet City,25.095,55.1595
2025-10-19T15:36:54.753547+04:00,Incident Management,30,200000,43.05635921943864,89.66180377476094,23.65621656539903,10,38.88532773260841,0,Dubai Internet City,25.095,55.1595
2025-10-19T15:36:55.333886+04:00,Secure Data Disposal,5,10000000,-1.0,-1.0,-1.0,10,54.47722606255468,10,,,
2025-10-19T15:36:55.870397+04:00,AI Predictive Maintenance,20,200000,61.67382496254572,81.27483990595947,30.59840888390805,10,22.531371265312707,0,Dubai Internet City,25.095,55.1595
2025-10-19T15:36:56.851736+04:00,MLOps,80,200000,13.729145767122295,42.15713720903852,18.751214399246113,10,27.008399459549235,6,Dubai Knowledge Park,25.102,55.163
2025-10-19T15:36:57.785785+04:00,Vulnerability Management,10,200000,66.86549030469149,51.38330625150543,33.36368644029655,10,38.703008260247785,0,Dubai Internet City,25.095,55.1595
2025-10-19T15:36:58.772567+04:00,Vulnerability Management,60,500000,33.973129564135874,92.36716161213845,21.903681801440868,10,50.313739112934904,2,Dubai Marina,25.08,55.14
2025-10-19T15:36:59.568893+04:00,Incident Management,20,4000,50.20097170987987,62.71224736114941,30.510700938050427,10,40.31814982259107,0,Dubai Internet City,25.095,55.1595
2025-10-19T15:37:00.006025+04:00,Workload Management,80,2000000,2.2523669690695867,29.791753922883622,20.875451000797607,10,42.91292449966142,1,Dubai Silicon Oasis,25.1265,55.3925
2025-10-19T15:37:00.523727+04:00,Disaster Recovery,5,4000,8.713727737430464,76.95288396323252,16.62759664165527,10,40.57931736044127,0,Dubai Internet City,25.095,55.1595
2025-10-19T15:37:01.242272+04:00,Network Security,80,4000,2.372856702607576,39.016116785822035,20.0531009486953,10,50.78974070306457,1,Dubai Silicon Oasis,25.1265,55.3925
2025-10-19T15:37:01.458235+04:00,MLOps,30,10000000,-1.0,-1.0,-1.0,10,46.625093116849264,10,,,
2025-10-19T15:37:01.738675+04:00,Security Analytics,40,200000,0.16819898895075847,12.146060819908541,23.776715348786784,10,38.082860200222385,1,Dubai Silicon Oasis,25.1265,55.3925
2025-10-19T15:37:01.897660+04:00,Asset Management,20,200000,26.799968891864456,98.76745598496161,17.2472755293814,10,42.60899919403323,0,Dubai Internet City,25.095,55.1595
2025-10-19T15:37:02.122157+04:00,Disaster Recovery,15,500000,9.288725865536414,93.2862086558475,15.015317586961457,10,38.55406550309689,0,Dubai Internet City,25.095,55.1595
2025-10-19T15:37:02.319824+04:00,Workload Management,60,4000,11.88367088414129,89.71312196984825,15.179953183209207,10,47.552732381311316,0,Dubai Internet City,25.095,55.1595
2025-10-19T15:37:02.516790+04:00,Vulnerability Management,20,10000000,-1.0,-1.0,-1.0,10,48.93796846693855,10,,,
2025-10-19T15:37:02.771364+04:00,Environmental Controls,10,10000000,-1.0,-1.0,-1.0,10,39.82735381883509,10,,,
2025-10-19T15:37:02.923009+04:00,Data Encryption,20,500000,51.188967784020434,84.2797367238326,26.827077707591965,10,49.19569279506051,0,Dubai Internet City,25.095,55.1595
2025-10-19T15:37:04.973681+04:00,Vulnerability Management,20,500000,62.025998584000924,96.12481338778154,29.731031817913177,10,23.380656737102015,0,Dubai Internet City,25.095,55.1595
2025-10-19T15:37:05.552483+04:00,Workload Management,60,2000000,22.3124452333721,65.67344343498124,19.471304569491256,10,55.54283666140047,0,Dubai Internet City,25.095,55.1595
2025-10-19T15:37:05.885076+04:00,Secure Data Disposal,20,10000000,-1.0,-1.0,-1.0,10,47.44776264584663,10,,,
2025-10-19T15:37:06.288210+04:00,MLOps,10,2000000,66.25479831016621,90.58114087890522,30.24306578804133,10,46.08826419560287,0,Dubai Internet City,25.095,55.1595
2025-10-19T15:37:06.955494+04:00,Asset Management,80,4000,0.7555230234027477,75.39305954801502,16.67930306245105,10,50.74144126047185,1,Dubai Silicon Oasis,25.1265,55.3925
2025-10-19T15:37:08.316532+04:00,Secure Data Disposal,80,200000,19.849473251090245,78.77272002769874,17.128038670846514,10,33.39789731183708,2,Dubai Marina,25.08,55.14
2025-10-19T15:37:08.724088+04:00,Environmental Controls,20,200000,8.023902491300705,31.25240869889556,21.449479517772403,10,48.32385062067599,1,Dubai Silicon Oasis,25.1265,55.3925
2025-10-19T15:37:10.503176+04:00,Incident Management,60,4000,8.63964953205822,65.64041265604502,17.408320513427473,10,43.36608470936992,1,Dubai Silicon Oasis,25.1265,55.3925
2025-10-19T15:37:12.703806+04:00,Physical Access Control,10,4000,79.60178999406654,90.2194874684996,34.615310070597104,10,53.1145694254727,0,Dubai Internet City,25.095,55.1595
2025-10-19T15:37:15.247467+04:00,MLOps,10,2000000,89.84300331330667,40.95764862198359,44.1370628217114,10,53.407814749172964,0,Dubai Internet City,25.095,55.1595
2025-10-19T15:37:16.311324+04:00,Workload Management,5,2000000,27.74424318784925,15.44419742227439,25.202990668483704,10,48.41151907416035,0,Dubai Internet City,25.095,55.1595
2025-10-19T15:37:17.532788+04:00,AI Predictive Maintenance,15,500000,60.602836025307695,48.7030161461565,32.702272190209676,10,42.46838978809227,0,Dubai Internet City,25.095,55.1595
2025-10-19T15:37:20.139172+04:00,Security Analytics,30,4000,52.507337890283075,78.85910013647762,26.826846358907638,10,62.3557946613235,1,Dubai Silicon Oasis,25.1265,55.3925
2025-10-19T15:37:21.762291+04:00,Workload Management,40,500000,35.72017228374749,62.69882916985021,23.401865632290793,10,52.54441225456791,2,Dubai Marina,25.08,55.14
2025-10-19T15:37:23.337968+04:00,Real-time Monitoring,30,500000,1.3570018186357191,50.609721874763004,17.662428094468307,10,55.20678597807805,1,Dubai Silicon Oasis,25.1265,55.3925
2025-10-19T15:37:24.370597+04:00,MLOps,15,2000000,36.01847508651531,35.18092515253792,26.868578719120606,10,34.7858130635196,0,Dubai Internet City,25.095,55.1595
2025-10-19T15:37:25.649766+04:00,Environmental Controls,30,4000,66.9425140113293,60.785966000001395,32.602543898389534,10,53.64736367565719,0,Dubai Internet City,25.095,55.1595
2025-10-19T15:37:26.111271+04:00,Security Analytics,10,10000000,-1.0,-1.0,-1.0,10,47.79854748752729,10,,,
2025-10-19T15:37:27.400466+04:00,Data Encryption,15,200000,68.7309611919041,32.06851686557583,37.5916245938385,10,66.57763646758343,0,Dubai Internet City,25.095,55.1595
2025-10-19T15:37:27.714302+04:00,Capacity Planning,10,200000,68.31447805684277,24.648215398163664,37.81010743348238,10,37.07071917026713,0,Dubai Internet City,25.095,55.1595
2025-10-19T15:37:28.044540+04:00,Power/Cooling Optimization,10,2000000,62.0719256657465,58.494240218059296,33.077843687491054,10,43.32302694100783,0,Dubai Internet City,25.095,55.1595
2025-10-19T15:37:35.232259+04:00,Workload Management,40,200000,50.33690020922422,88.24201088639843,27.426239462835056,10,50.31264688598487,0,Dubai Internet City,25.095,55.1595
2025-10-19T15:37:38.353575+04:00,Redundancy Validation,30,2000000,6.569527977602007,75.14562398090268,16.922481547909126,10,32.11493399516818,0,Dubai Internet City,25.095,55.1595
2025-10-19T15:37:39.965191+04:00,Redundancy Validation,30,10000000,-1.0,-1.0,-1.0,10,44.95688327203219,10,,,
2025-10-19T15:37:40.932644+04:00,MLOps,10,200000,40.763253487373404,34.83404253420079,28.40090903826615,10,45.55781579509873,0,Dubai Internet City,25.095,55.1595
2025-10-19T15:37:41.147705+04:00,Capacity Planning,20,2000000,77.33162122608167,36.05472805314287,39.77370680180624,10,58.32797182856781,0,Dubai Internet City,25.095,55.1595
2025-10-19T15:37:41.378289+04:00,Network Security,10,4000,71.70777517401729,67.54980238501639,34.857516765884384,10,40.73517879172738,0,Dubai Internet City,25.095,55.1595
2025-10-19T15:37:41.526633+04:00,Physical Access Control,60,10000000,-1.0,-1.0,-1.0,10,45.834100810459525,10,,,
2025-10-19T15:37:41.748076+04:00,Capacity Planning,20,10000000,-1.0,-1.0,-1.0,10,60.853301973279414,10,,,
2025-10-19T15:37:41.874434+04:00,Physical Access Control,5,2000000,4.6018250235850555,66.77843023125158,17.125738407448832,10,38.558942179919185,0,Dubai Internet City,25.095,55.1595
2025-10-19T15:37:42.001138+04:00,MLOps,60,200000,17.142301151974888,74.45632759976064,17.50589364332999,10,29.316032125358912,0,Dubai Internet City,25.095,55.1595
2025-10-19T15:37:42.119241+04:00,Automation,15,200000,20.902316663737754,70.86791478637,17.644145791208253,10,40.97103579063982,0,Dubai Internet City,25.095,55.1595
2025-10-19T15:37:42.268466+04:00,MLOps,5,10000000,-1.0,-1.0,-1.0,10,38.268695290298446,10,,,
2025-10-19T15:37:42.710595+04:00,Redundancy Validation,20,10000000,-1.0,-1.0,-1.0,10,47.13879212149553,10,,,
2025-10-19T15:37:43.869964+04:00,Environmental Controls,60,200000,24.794246817544764,99.49846263208916,17.707366810821142,10,37.21537582654228,1,Dubai Silicon Oasis,25.1265,55.3925
2025-10-19T15:37:44.541883+04:00,Redundancy Validation,80,10000000,-1.0,-1.0,-1.0,10,34.911509964433,10,,,
2025-10-19T15:37:45.969887+04:00,Physical Access Control,10,2000000,63.0609046974419,67.21947656624502,31.082581858925618,10,45.256525075957875,0,Dubai Internet City,25.095,55.1595
2025-10-19T15:37:47.503217+04:00,Network Security,15,2000000,76.42560080417744,45.90571310515393,40.30097553876987,10,61.67843438116948,0,Dubai Internet City,25.095,55.1595
2025-10-19T15:37:48.934136+04:00,Workload Management,20,10000000,-1.0,-1.0,-1.0,10,42.39414704155088,10,,,
2025-10-19T15:37:49.442278+04:00,MLOps,15,500000,12.100803341578551,16.984704653820305,20.93701633109395,10,38.505640800455645,0,Dubai Internet City,25.095,55.1595
2025-10-19T15:37:49.884664+04:00,Automation,30,10000000,-1.0,-1.0,-1.0,10,63.35396850393615,10,,,
2025-10-19T15:37:50.277251+04:00,Real-time Monitoring,40,10000000,-1.0,-1.0,-1.0,10,52.21140019911003,10,,,
2025-10-19T15:37:50.458170+04:00,Automated Provisioning,5,500000,72.10011898492075,97.29899618136015,31.539600214153783,10,52.98677852353753,0,Dubai Internet City,25.095,55.1595
2025-10-19T15:37:50.595529+04:00,Network Security,60,500000,35.27011624250925,10.848343535282693,28.528678021785225,10,38.257541137892005,0,Dubai Internet City,25.095,55.1595
2025-10-19T15:37:50.693646+04:00,Asset Management,80,200000,11.979254050447949,59.62050277842632,18.29441603770588,10,44.75128756188441,0,Dubai Internet City,25.095,55.1595
2025-10-19T15:37:50.767157+04:00,Preventive Maintenance,80,500000,0.7907153090484231,85.8295490654961,15.77158686341264,10,33.2339685262022,7,Mirdif,25.219,55.416
2025-10-19T15:37:50.842483+04:00,MLOps,10,10000000,-1.0,-1.0,-1.0,10,47.13066151080608,10,,,
2025-10-19T15:37:50.926732+04:00,Data Encryption,80,10000000,-1.0,-1.0,-1.0,10,46.29683961726927,10,,,
2025-10-19T15:37:51.000648+04:00,Real-time Monitoring,20,200000,55.1464925611525,77.59279945480269,28.945221487473987,10,41.84575807924179,0,Dubai Internet City,25.095,55.1595
2025-10-19T15:37:51.181439+04:00,Security Analytics,60,10000000,-1.0,-1.0,-1.0,10,41.37890538621123,10,,,
2025-10-19T15:37:51.291146+04:00,Physical Access Control,60,4000,32.78440507239048,22.827227230749703,28.435937803589407,10,42.07862487706185,0,Dubai Internet City,25.095,55.1595
2025-10-19T15:37:51.363330+04:00,Disaster Recovery,20,200000,17.404783806468746,37.561466839931036,20.96690625261126,10,38.0764980374644,0,Dubai Internet City,25.095,55.1595
2025-10-19T15:37:51.779280+04:00,Data Encryption,15,500000,60.38097843093127,29.89791948873406,35.16077222390566,10,28.850483476090876,0,Dubai Internet City,25.095,55.1595
2025-10-19T15:37:51.854483+04:00,Data Encryption,15,10000000,-1.0,-1.0,-1.0,10,39.76440885424284,10,,,
2025-10-19T15:37:51.946602+04:00,Secure Data Disposal,5,4000,56.483238320599725,77.75143482097515,28.99800427570943,10,52.362718116126345,0,Dubai Internet City,25.095,55.1595
2025-10-19T15:37:52.234025+04:00,MLOps,60,2000000,7.932779037198476,18.313448629762107,20.472682110978674,10,33.60716192930225,0,Dubai Internet City,25.095,55.1595
2025-10-19T15:37:52.409081+04:00,Environmental Controls,20,500000,6.565843346130054,71.75543980313842,17.65623860947048,10,37.43465130975008,0,Dubai Internet City,25.095,55.1595
2025-10-19T15:37:52.490840+04:00,Physical Access Control,20,2000000,54.8010052867527,86.94774482843481,26.92341299215176,10,45.37260715622658,0,Dubai Internet City,25.095,55.1595
2025-10-19T15:37:52.648220+04:00,Data Encryption,30,500000,20.472130932927833,80.54038780328825,16.54142122032133,10,41.88447026401171,0,Dubai Internet City,25.095,55.1595
2025-10-19T15:37:53.382987+04:00,Vulnerability Management,80,2000000,9.27227686782006,61.6723665190033,17.723580972290463,10,33.53443301018852,5,Al Quoz,25.136,55.22
2025-10-19T15:37:53.484558+04:00,Power/Cooling Optimization,20,200000,65.01866646013454,45.438057072095404,35.46003066881352,10,47.60035941186834,0,Dubai Internet City,25.095,55.1595
2025-10-19T15:37:53.710221+04:00,Asset Management,80,200000,-1.0,-1.0,-1.0,10,57.19303275550167,10,,,
2025-10-19T15:37:53.845418+04:00,Real-time Monitoring,30,500000,48.819114285905286,59.712473853437835,29.106252280479836,10,57.30618475994091,0,Dubai Internet City,25.095,55.1595
2025-10-19T15:37:53.980129+04:00,MLOps,80,200000,11.529680061531787,72.75271007410113,17.030913588931796,10,37.53984534961345,2,Dubai Marina,25.08,55.14
2025-10-19T15:37:54.131969+04:00,Physical Access Control,60,500000,28.573092984699656,33.00304068774104,24.6354323131369,10,45.58409807485381,3,Jebel Ali Industrial Area,24.987,55.061
2025-10-19T15:37:55.040481+04:00,Power/Cooling Optimization,5,10000000,-1.0,-1.0,-1.0,10,34.9718252059413,10,,,
2025-10-19T15:37:55.626309+04:00,Secure Data Disposal,10,500000,79.37314366004063,79.68179529068382,34.96490719778213,10,46.37463981373257,0,Dubai Internet City,25.095,55.1595
2025-10-19T15:37:55.709015+04:00,Data Encryption,60,500000,36.41456236068952,92.90011452225869,22.33525110727971,10,38.59195757763931,0,Dubai Internet City,25.095,55.1595
2025-10-19T15:37:55.790108+04:00,Real-time Monitoring,30,200000,19.022918211534023,63.5050858676634,19.65164158394491,10,38.670510315890766,0,Dubai Internet City,25.095,55.1595
2025-10-19T15:37:55.865950+04:00,Network Security,40,200000,54.04197778264594,94.57448011847742,26.537943816597398,10,61.174743953939846,3,Jebel Ali Industrial Area,24.987,55.061
2025-10-19T15:37:55.950964+04:00,Secure Data Disposal,20,500000,75.63128010762075,23.538954155716404,40.8867216364065,10,52.73233322109322,0,Dubai Internet City,25.095,55.1595
2025-10-19T15:37:56.079862+04:00,Asset Management,5,10000000,-1.0,-1.0,-1.0,10,46.62619152081496,10,,,
2025-10-19T15:37:56.412804+04:00,Preventive Maintenance,15,2000000,25.092436504684084,60.38584286322874,21.173550512897588,10,32.655276301034405,0,Dubai Internet City,25.095,55.1595
2025-10-19T15:37:56.564339+04:00,Automated Provisioning,30,2000000,37.71676306772169,43.486105703047414,27.466879863414732,10,35.836644648745065,1,Dubai Silicon Oasis,25.1265,55.3925
2025-10-19T15:37:56.638817+04:00,Vulnerability Management,60,500000,15.67833646960484,91.5166367990729,14.297289232065657,10,45.56274855923501,2,Dubai Marina,25.08,55.14
2025-10-19T15:37:56.716827+04:00,Redundancy Validation,20,200000,54.21146650657753,50.77881238721602,31.299743529742745,10,52.245307610543456,0,Dubai Internet City,25.095,55.1595
2025-10-19T15:37:56.906354+04:00,Incident Management,40,500000,16.648373160600542,76.65075761134155,17.59529229368179,10,41.33454592788688,0,Dubai Internet City,25.095,55.1595
2025-10-19T15:37:57.093030+04:00,Automated Provisioning,15,500000,8.508269238802475,70.16532843378677,17.303353446154958,10,48.04366128710517,0,Dubai Internet City,25.095,55.1595
2025-10-19T15:37:57.241604+04:00,Power/Cooling Optimization,60,500000,38.79311328863887,22.314784239636772,30.287734595896563,10,36.560806337078475,0,Dubai Internet City,25.095,55.1595
2025-10-19T15:37:57.315281+04:00,MLOps,60,2000000,1.8813787277827176,94.02030330194393,15.061936226728717,10,43.49236197129489,0,Dubai Internet City,25.095,55.1595
2025-10-19T15:37:57.390627+04:00,Network Security,40,4000,22.676084376618526,98.653950201534,15.878002745156175,10,49.63708165523924,1,Dubai Silicon Oasis,25.1265,55.3925
2025-10-19T15:37:57.488518+04:00,Environmental Controls,30,200000,3.2110417096291832,18.67708845319293,21.915864137955847,10,59.66727130799044,0,Dubai Internet City,25.095,55.1595
2025-10-19T15:37:57.623656+04:00,Environmental Controls,5,2000000,25.784967597872047,84.5038247548247,18.985675587519122,10,40.17324751319137,0,Dubai Internet City,25.095,55.1595
2025-10-19T15:37:57.699594+04:00,Network Security,40,500000,35.79125233906909,15.270063284832002,29.31172884540556,10,51.511663286742234,0,Dubai Internet City,25.095,55.1595
2025-10-19T15:37:57.773962+04:00,Real-time Monitoring,5,4000,85.18838945707763,68.28922075943447,38.449444747025666,10,54.862197689709646,0,Dubai Internet City,25.095,55.1595
2025-10-19T15:37:57.842683+04:00,Asset Management,20,4000,53.8460053175345,81.92070175209524,26.62574257301165,10,50.92861271567456,0,Dubai Internet City,25.095,55.1595
2025-10-19T15:38:00.244098+04:00,Environmental Controls,20,4000,40.446358207862936,25.352028129865246,28.891526635436566,10,47.945042384845266,0,Dubai Internet City,25.095,55.1595
2025-10-19T15:38:01.809239+04:00,Automation,60,500000,36.69083587345118,96.56745875455555,22.50920712787765,10,32.34487958712413,1,Dubai Silicon Oasis,25.1265,55.3925
2025-10-19T15:38:01.884494+04:00,Redundancy Validation,60,500000,4.860150333201931,35.353209492839994,20.04219374686311,10,28.635533808487242,0,Dubai Internet City,25.095,55.1595
2025-10-19T15:38:02.042754+04:00,Environmental Controls,5,2000000,7.2854820592143295,89.83716098104694,14.882404425277564,10,39.04987898933714,0,Dubai Internet City,25.095,55.1595
2025-10-19T15:38:02.140534+04:00,Secure Data Disposal,15,10000000,-1.0,-1.0,-1.0,10,48.81006335706301,10,,,
2025-10-19T15:38:02.245324+04:00,Vulnerability Management,20,200000,69.6441222173982,21.730997033859218,37.52624169495108,10,37.487638550713555,0,Dubai Internet City,25.095,55.1595
2025-10-19T15:38:02.320749+04:00,Asset Management,10,10000000,-1.0,-1.0,-1.0,10,41.42106952740793,10,,,
2025-10-19T15:38:02.411522+04:00,Incident Management,60,2000000,16.356486622671895,33.87122930651615,20.567101821702945,10,48.33535032877832,2,Dubai Marina,25.08,55.14
2025-10-19T15:38:02.774562+04:00,Data Encryption,60,200000,37.4630605982105,12.378555384173378,28.646635550067728,10,44.40165933576485,2,Dubai Marina,25.08,55.14
2025-10-19T15:38:02.850575+04:00,Automation,40,10000000,-1.0,-1.0,-1.0,10,42.403497647650255,10,,,
2025-10-19T15:38:02.928997+04:00,Secure Data Disposal,15,4000,29.15646318058132,65.66835034621235,21.24530452052693,10,36.89280221330291,0,Dubai Internet City,25.095,55.1595
2025-10-19T15:38:03.015114+04:00,Network Security,5,500000,34.77399194552569,41.21320096994468,26.8444716074099,10,29.681410819141057,0,Dubai Internet City,25.095,55.1595
2025-10-19T15:38:03.166610+04:00,Secure Data Disposal,30,200000,9.576918006536681,39.50674647140398,18.763062802239475,10,32.612370674461225,0,Dubai Internet City,25.095,55.1595
2025-10-19T15:38:03.645802+04:00,Disaster Recovery,5,2000000,41.06877429970371,82.42858023822889,24.228951511410315,10,43.12019651242878,1,Dubai Silicon Oasis,25.1265,55.3925
2025-10-19T15:38:04.039633+04:00,Preventive Maintenance,30,2000000,65.6035270549733,26.383528343934447,36.59093538517763,10,44.38137163709218,0,Dubai Internet City,25.095,55.1595
2025-10-19T15:38:04.113496+04:00,Security Analytics,10,2000000,7.569962676025321,60.48873008335492,17.192255915585974,10,31.804439544624323,0,Dubai Internet City,25.095,55.1595
2025-10-19T15:38:04.189723+04:00,Secure Data Disposal,15,500000,8.43144781003665,94.24196271453279,15.277926044154395,10,39.06632998612041,0,Dubai Internet City,25.095,55.1595
2025-10-19T15:38:04.264776+04:00,MLOps,40,500000,42.80698201288031,19.200033959040432,29.783217715624236,10,41.16610518939208,0,Dubai Internet City,25.095,55.1595
2025-10-19T15:38:04.344338+04:00,Environmental Controls,20,500000,64.85567349953659,66.8028329395614,31.343328105879127,10,46.66491380233817,2,Dubai Marina,25.08,55.14
2025-10-19T15:38:04.415294+04:00,Incident Management,60,2000000,31.737728568984455,78.39475331838756,21.014995600531506,10,55.106624578125164,1,Dubai Silicon Oasis,25.1265,55.3925
2025-10-19T15:38:04.492102+04:00,AI Predictive Maintenance,10,200000,56.13126069330165,61.42883114337407,31.008508427347746,10,56.21041673285089,0,Dubai Internet City,25.095,55.1595
2025-10-19T15:38:04.816253+04:00,Power/Cooling Optimization,15,2000000,61.78212275668807,55.68258029848986,33.049563907461966,10,44.481909834244114,0,Dubai Internet City,25.095,55.1595
2025-10-19T15:38:05.243533+04:00,Incident Management,20,2000000,56.190961848037766,46.6130167001618,33.18221636355662,10,42.64708384851413,0,Dubai Internet City,25.095,55.1595
2025-10-19T15:38:08.444675+04:00,Environmental Controls,5,500000,23.66391567986174,72.76692243942789,20.319953659953004,10,40.03162541006414,1,Dubai Silicon Oasis,25.1265,55.3925
2025-10-19T15:38:08.600241+04:00,Real-time Monitoring,20,2000000,28.27910218631498,15.294639852086048,25.212411996164775,10,45.23703578694098,0,Dubai Internet City,25.095,55.1595
2025-10-19T15:38:08.756700+04:00,Capacity Planning,5,200000,17.489781896667598,50.17360921376132,20.052730431939036,10,36.51521413160521,0,Dubai Internet City,25.095,55.1595
2025-10-19T15:38:08.900399+04:00,Network Security,15,2000000,81.82913177131418,54.97818478244849,38.75622477086406,10,57.646114332200455,0,Dubai Internet City,25.095,55.1595
2025-10-19T15:38:08.995097+04:00,Network Security,30,4000,54.15751307005036,94.94867427938017,26.454290346631836,10,52.7508325404803,0,Dubai Internet City,25.095,55.1595
2025-10-19T15:38:09.640835+04:00,Network Security,40,200000,0.42299191776635103,96.00922395641251,15.186521568757012,10,27.435946395857552,0,Dubai Internet City,25.095,55.1595
2025-10-19T15:38:09.828220+04:00,Automated Provisioning,40,10000000,-1.0,-1.0,-1.0,10,41.4239281130542,10,,,
2025-10-19T15:38:10.249927+04:00,Security Analytics,80,500000,4.817663582650021,54.99765228724555,17.002509177389143,10,47.40405296422225,3,Jebel Ali Industrial Area,24.987,55.061
2025-10-19T15:38:10.469917+04:00,Capacity Planning,60,500000,-1.0,-1.0,-1.0,10,67.25732530638176,10,,,
2025-10-19T15:38:10.678722+04:00,AI Predictive Maintenance,5,10000000,-1.0,-1.0,-1.0,10,46.72207241942262,10,,,
2025-10-19T15:38:10.930052+04:00,Network Security,40,200000,38.6338957194541,18.16928123331617,29.992814086855347,10,44.19940905638306,1,Dubai Silicon Oasis,25.1265,55.3925
2025-10-19T15:38:11.007074+04:00,Workload Management,60,10000000,-1.0,-1.0,-1.0,10,51.65992367156069,10,,,
2025-10-19T15:38:11.082875+04:00,Redundancy Validation,5,4000,31.22741807788338,78.47688131628395,22.598944920497956,10,45.806875301592854,2,Dubai Marina,25.08,55.14
2025-10-19T15:38:11.504024+04:00,Power/Cooling Optimization,5,500000,6.234778313635005,89.83989968841068,17.83940995779723,10,46.161664450514756,0,Dubai Internet City,25.095,55.1595
2025-10-19T15:38:11.645418+04:00,Environmental Controls,30,10000000,-1.0,-1.0,-1.0,10,47.167312034493776,10,,,
2025-10-19T15:38:12.036013+04:00,Preventive Maintenance,80,4000,16.373565639359448,31.656618060819138,21.33067907906429,10,42.33176494147239,1,Dubai Silicon Oasis,25.1265,55.3925
2025-10-19T15:38:12.690642+04:00,Automated Provisioning,60,4000,20.244625306011947,59.65174828137319,20.94211026753912,10,37.507682906930235,1,Dubai Silicon Oasis,25.1265,55.3925
2025-10-19T15:38:12.861108+04:00,Secure Data Disposal,60,500000,35.190042782773695,87.4352870905334,20.426045868460754,10,50.32486051773394,0,Dubai Internet City,25.095,55.1595
2025-10-19T15:38:12.980755+04:00,AI Predictive Maintenance,5,500000,67.10350525156834,77.06536531010744,31.39589871388838,10,54.89067752747913,0,Dubai Internet City,25.095,55.1595
2025-10-19T15:38:14.060058+04:00,Security Analytics,80,4000,11.222047705211308,99.50103772201113,15.351481355718853,10,41.71653553399371,1,Dubai Silicon Oasis,25.1265,55.3925
2025-10-19T15:38:15.124154+04:00,Network Security,80,200000,14.406609509575084,37.69059680948413,20.77345515727011,10,48.52839749491211,4,Business Bay,25.184,55.264
2025-10-19T15:38:15.537683+04:00,Automation,80,10000000,-1.0,-1.0,-1.0,10,43.755685500554456,10,,,
2025-10-19T15:38:15.704396+04:00,Disaster Recovery,5,500000,71.27442174532189,73.73992049688756,35.08902140324721,10,31.1804408940586,0,Dubai Internet City,25.095,55.1595
2025-10-19T15:38:15.848686+04:00,Incident Management,5,200000,72.31858563353727,62.27705571739581,34.38597600362462,10,60.68805869106838,0,Dubai Internet City,25.095,55.1595
2025-10-19T15:38:16.502808+04:00,Capacity Planning,15,4000,77.70093781889356,39.01755471082507,39.85598583662185,10,49.755242282374795,0,Dubai Internet City,25.095,55.1595
2025-10-19T15:38:16.580173+04:00,Capacity Planning,30,4000,67.63060692750442,90.8003868784884,31.876931796149325,10,50.610752410864706,2,Dubai Marina,25.08,55.14
2025-10-19T15:38:16.677161+04:00,MLOps,30,2000000,58.34238260708736,67.77177689634021,29.411514219632316,10,37.112871529575536,0,Dubai Internet City,25.095,55.1595
2025-10-19T15:38:16.755648+04:00,Network Security,80,10000000,-1.0,-1.0,-1.0,10,39.01745771382914,10,,,
2025-10-19T15:38:16.825505+04:00,Capacity Planning,10,4000,39.05785559117359,16.787496837940402,30.035608796698295,10,52.93817357990989,0,Dubai Internet City,25.095,55.1595
2025-10-19T15:38:16.896541+04:00,Preventive Maintenance,10,2000000,6.7185610898364185,55.675305340859545,17.23351330113769,10,39.586172749022424,0,Dubai Internet City,25.095,55.1595
2025-10-19T15:38:16.971419+04:00,Workload Management,20,10000000,-1.0,-1.0,-1.0,10,46.14124907942591,10,,,
2025-10-19T15:38:17.044843+04:00,Data Encryption,80,2000000,4.989581218256653,71.25940710398234,17.24272859105339,10,34.57924446068252,1,Dubai Silicon Oasis,25.1265,55.3925
2025-10-19T15:38:17.119196+04:00,Vulnerability Management,40,200000,54.20461512057461,26.983785240026446,33.58391887853619,10,47.651330801848545,3,Jebel Ali Industrial Area,24.987,55.061
2025-10-19T15:38:17.195737+04:00,Automation,80,4000,11.481645729270479,74.53050792930686,16.768802163481883,10,33.427726340877655,1,Dubai Silicon Oasis,25.1265,55.3925
2025-10-19T15:38:17.273448+04:00,Network Security,30,200000,12.05270420051471,18.744259019105712,22.505933826079044,10,51.31184781861013,0,Dubai Internet City,25.095,55.1595
2025-10-19T15:38:17.364049+04:00,MLOps,40,4000,47.63449381640519,83.6400519557503,25.260863975500055,10,45.92436133228196,0,Dubai Internet City,25.095,55.1595
2025-10-19T15:38:17.491652+04:00,Secure Data Disposal,80,4000,14.833699076317986,22.310515770586502,20.25540275873652,10,37.615226486307066,1,Dubai Silicon Oasis,25.1265,55.3925
2025-10-19T15:38:18.032112+04:00,Capacity Planning,10,10000000,-1.0,-1.0,-1.0,10,51.4691059261787,10,,,
2025-10-19T15:38:18.255748+04:00,Automation,40,10000000,-1.0,-1.0,-1.0,10,48.62023680907764,10,,,
2025-10-19T15:38:18.345193+04:00,Data Encryption,5,4000,74.61542897018046,56.147133009003774,34.893795616886315,10,56.024665503026924,0,Dubai Internet City,25.095,55.1595
2025-10-19T15:38:18.423732+04:00,Workload Management,10,200000,45.492168285086024,89.85136333917902,25.582106530611103,10,42.91792101347504,0,Dubai Internet City,25.095,55.1595
2025-10-19T15:38:18.494900+04:00,MLOps,60,200000,2.777495176323522,48.49676232773441,17.369911099695212,10,48.42193911119191,3,Jebel Ali Industrial Area,24.987,55.061
2025-10-19T15:38:18.579987+04:00,Physical Access Control,20,10000000,-1.0,-1.0,-1.0,10,50.22198399070201,10,,,
2025-10-19T15:38:18.660976+04:00,MLOps,30,200000,20.347604843942396,81.04401039574059,17.752322581624757,10,44.4040530393459,0,Dubai Internet City,25.095,55.1595
2025-10-19T15:38:18.738327+04:00,Network Security,30,4000,12.755652838272429,63.26874458283111,17.853849480715205,10,30.250666140507775,0,Dubai Internet City,25.095,55.1595
2025-10-19T15:38:18.894153+04:00,Power/Cooling Optimization,40,200000,14.393258681825227,69.31050451296878,18.509462526660396,10,30.54194285206347,2,Dubai Marina,25.08,55.14
2025-10-19T15:38:18.988207+04:00,Disaster Recovery,20,10000000,-1.0,-1.0,-1.0,10,46.80973506953585,10,,,
2025-10-19T15:38:19.413489+04:00,Automated Provisioning,10,500000,80.98038117073716,16.04204604971615,45.33236218596123,10,47.32828700908786,0,Dubai Internet City,25.095,55.1595
2025-10-19T15:38:19.497194+04:00,Workload Management,30,4000,18.062358537534354,52.32238331292438,20.615104917331976,10,48.05535799828532,0,Dubai Internet City,25.095,55.1595
2025-10-19T15:38:19.591934+04:00,Workload Management,20,200000,45.50812899299272,54.19196262761471,28.21533099554961,10,46.42695783267828,0,Dubai Internet City,25.095,55.1595
2025-10-19T15:38:19.721309+04:00,Asset Management,60,4000,21.499931577560268,96.71999359735537,15.354034793568623,10,43.46622692108651,0,Dubai Internet City,25.095,55.1595
2025-10-19T15:38:19.829243+04:00,Network Security,15,200000,5.039765435950361,35.474366674871696,20.03584392003359,10,47.506071662022876,0,Dubai Internet City,25.095,55.1595
2025-10-19T15:38:19.921534+04:00,MLOps,60,200000,21.14326050764337,53.795034909039416,22.37980887008408,10,53.9740475416922,2,Dubai Marina,25.08,55.14
2025-10-19T15:38:20.013259+04:00,Network Security,10,2000000,9.71012390424334,75.96406539658608,16.071725956285466,10,56.88655066943611,0,Dubai Internet City,25.095,55.1595
2025-10-19T15:38:20.096369+04:00,Capacity Planning,60,500000,9.471937850840215,74.96969788207517,17.537469664269665,10,56.52311993876748,0,Dubai Internet City,25.095,55.1595
2025-10-19T15:38:20.742618+04:00,Secure Data Disposal,20,4000,52.613089915220726,18.650475620199373,33.25029702087906,10,58.91916216720436,0,Dubai Internet City,25.095,55.1595
2025-10-19T15:38:20.894868+04:00,Environmental Controls,30,500000,6.0331125363309095,36.382137737951545,19.64583031057248,10,50.109470654875516,0,Dubai Internet City,25.095,55.1595
2025-10-19T15:38:21.032223+04:00,Physical Access Control,20,200000,74.17731122027666,47.83546057465898,37.75323430896473,10,41.661583243681434,0,Dubai Internet City,25.095,55.1595
2025-10-19T15:38:21.139282+04:00,Workload Management,5,200000,4.0874460977256755,27.117625064462157,21.149434659733227,10,40.29240743500754,0,Dubai Internet City,25.095,55.1595
2025-10-19T15:38:21.443070+04:00,Secure Data Disposal,5,10000000,-1.0,-1.0,-1.0,10,60.39445982796509,10,,,
2025-10-19T15:38:21.512587+04:00,Disaster Recovery,30,2000000,47.18863286382318,48.7308668593951,29.822851666062746,10,40.821710505816135,1,Dubai Silicon Oasis,25.1265,55.3925
2025-10-19T15:38:21.587850+04:00,Physical Access Control,60,10000000,-1.0,-1.0,-1.0,10,41.29983144313315,10,,,
2025-10-19T15:38:21.657622+04:00,Environmental Controls,40,200000,46.49117503068679,87.20428772758585,25.23095585684965,10,52.0447365615471,0,Dubai Internet City,25.095,55.1595
2025-10-19T15:38:21.727417+04:00,Capacity Planning,20,500000,23.429737532421118,41.683761946016666,21.493058889383224,10,34.326967601121176,0,Dubai Internet City,25.095,55.1595
2025-10-19T15:38:22.206682+04:00,MLOps,20,200000,26.322025502095194,37.13023367353173,24.93792129110732,10,49.64600008453145,2,Dubai Marina,25.08,55.14
2025-10-19T15:38:22.387984+04:00,MLOps,10,4000,26.019427256895934,19.233579128543475,26.322007782549896,10,34.02853560081298,0,Dubai Internet City,25.095,55.1595
2025-10-19T15:38:22.461012+04:00,Network Security,5,500000,22.03340990833895,78.09607332863307,17.91401819756464,10,39.16808943709843,0,Dubai Internet City,25.095,55.1595
2025-10-19T15:38:22.536920+04:00,Automation,20,500000,49.57275810031434,12.879123910744369,34.30792239648581,10,41.419921803025524,0,Dubai Internet City,25.095,55.1595
2025-10-19T15:38:22.714961+04:00,Incident Management,20,500000,12.73204015735238,88.167334512138,16.510118324131668,10,57.06591320675019,0,Dubai Internet City,25.095,55.1595
2025-10-19T15:38:22.790345+04:00,Network Security,30,10000000,-1.0,-1.0,-1.0,10,40.082675668458535,10,,,
2025-10-19T15:38:22.861586+04:00,Environmental Controls,20,500000,49.92638556319145,41.369539137089866,30.906625097248703,10,35.97210070737244,0,Dubai Internet City,25.095,55.1595
2025-10-19T15:38:22.938887+04:00,Secure Data Disposal,80,10000000,-1.0,-1.0,-1.0,10,46.40678080459884,10,,,
2025-10-19T15:38:23.021729+04:00,Incident Management,30,10000000,-1.0,-1.0,-1.0,10,38.532608144408094,10,,,
2025-10-19T15:38:23.115175+04:00,Redundancy Validation,40,10000000,-1.0,-1.0,-1.0,10,46.897150921884666,10,,,
2025-10-19T15:38:23.858196+04:00,Incident Management,80,500000,-1.0,-1.0,-1.0,10,48.82145267577207,10,,,
2025-10-19T15:38:23.934229+04:00,Security Analytics,60,500000,23.71319464712705,52.78844410828091,21.41654163463522,10,44.86508027165024,0,Dubai Internet City,25.095,55.1595
2025-10-19T15:38:24.010143+04:00,Incident Management,10,10000000,-1.0,-1.0,-1.0,10,52.26155350046796,10,,,
2025-10-19T15:38:24.089211+04:00,Power/Cooling Optimization,60,4000,12.897969016134121,97.36338848971927,17.56977674796582,10,46.374892369563376,1,Dubai Silicon Oasis,25.1265,55.3925
2025-10-19T15:38:24.169178+04:00,Environmental Controls,60,4000,12.64252005001304,27.891279147142523,22.366176450215384,10,48.963687037416264,0,Dubai Internet City,25.095,55.1595
2025-10-19T15:38:24.247450+04:00,Redundancy Validation,20,200000,9.557117552256699,73.67741619304746,16.685511301744018,10,45.3171817947842,0,Dubai Internet City,25.095,55.1595
2025-10-19T15:38:24.353425+04:00,Disaster Recovery,60,500000,8.933502606589617,70.80280354630992,16.686352371492497,10,58.36432791740998,0,Dubai Internet City,25.095,55.1595
2025-10-19T15:38:24.468600+04:00,Preventive Maintenance,60,4000,3.184538095884216,62.48157896723266,17.644705433896622,10,44.15074916972112,3,Jebel Ali Industrial Area,24.987,55.061
2025-10-19T15:38:24.587332+04:00,AI Predictive Maintenance,80,200000,17.280018560947944,79.24735130609983,16.68421399704193,10,44.959083411774316,1,Dubai Silicon Oasis,25.1265,55.3925
2025-10-19T15:38:24.703473+04:00,Vulnerability Management,15,2000000,36.62556313720523,71.53190717187988,24.303639815597844,10,46.84022362776538,0,Dubai Internet City,25.095,55.1595
2025-10-19T15:38:24.806379+04:00,Workload Management,60,4000,0.9565874442316069,86.92197370227603,15.607610105232418,10,43.31175225856635,0,Dubai Internet City,25.095,55.1595
2025-10-19T15:38:25.606340+04:00,Incident Management,20,200000,57.418667964621385,26.614023388040895,34.54644661709398,10,62.53128355278176,0,Dubai Internet City,25.095,55.1595
2025-10-19T15:38:25.774732+04:00,Physical Access Control,15,2000000,7.068625029249079,78.45312677481031,15.859749349952533,10,44.83556731413384,0,Dubai Internet City,25.095,55.1595
2025-10-19T15:38:26.097947+04:00,Asset Management,80,2000000,3.35816815250051,41.52393455844733,18.64601970877647,10,41.84098739263394,4,Business Bay,25.184,55.264
2025-10-19T15:38:28.890655+04:00,Real-time Monitoring,40,4000,34.81756820280963,32.039041466174154,27.210195932688347,10,69.5274710982719,1,Dubai Silicon Oasis,25.1265,55.3925
2025-10-19T15:38:29.001209+04:00,Disaster Recovery,60,200000,16.259106999604718,76.62499978444109,16.123326353907125,10,47.2051391693312,0,Dubai Internet City,25.095,55.1595
2025-10-19T15:38:29.080533+04:00,Automation,20,200000,29.821684828641466,63.65928908725376,20.934845772719964,10,30.720379257390817,0,Dubai Internet City,25.095,55.1595
2025-10-19T15:38:29.160897+04:00,Automation,5,4000,38.903125867396064,54.547161891851616,24.567808597319587,10,43.08840999894873,0,Dubai Internet City,25.095,55.1595
2025-10-19T15:38:29.290583+04:00,Asset Management,20,2000000,59.477425119958795,20.0459010088951,34.92229819011672,10,50.64616871072557,1,Dubai Silicon Oasis,25.1265,55.3925
2025-10-19T15:38:31.297294+04:00,Vulnerability Management,15,500000,2.013586788225438,17.77819107949334,22.019996704132296,10,37.574010773021406,0,Dubai Internet City,25.095,55.1595
2025-10-19T15:38:34.613834+04:00,Workload Management,10,10000000,-1.0,-1.0,-1.0,10,45.77744973852641,10,,,
2025-10-19T15:38:34.697069+04:00,Network Security,40,4000,7.53518708268122,22.575924077490114,21.880982533909435,10,41.528686503557104,0,Dubai Internet City,25.095,55.1595
2025-10-19T15:38:34.793075+04:00,Automated Provisioning,80,10000000,-1.0,-1.0,-1.0,10,46.76210181721226,10,,,
2025-10-19T15:38:35.624746+04:00,MLOps,80,4000,7.013229317976009,59.534330534293346,17.34235590349743,10,50.75213336432821,2,Dubai Marina,25.08,55.14
2025-10-19T15:38:35.859443+04:00,Environmental Controls,15,2000000,58.09794323416081,85.97475196416508,28.1154595155892,10,66.08895324084685,0,Dubai Internet City,25.095,55.1595
2025-10-19T15:38:36.026035+04:00,Incident Management,20,200000,33.0687026840784,71.59420689675031,23.079934495361204,10,51.63974669439851,0,Dubai Internet City,25.095,55.1595
2025-10-19T15:38:36.356210+04:00,Power/Cooling Optimization,15,200000,10.289438426526873,96.98031606534121,17.434405371162676,10,47.40160135091337,0,Dubai Internet City,25.095,55.1595
2025-10-19T15:38:36.487632+04:00,Automated Provisioning,15,200000,79.18814316227868,64.00661653704825,36.942112598193425,10,54.565136926996296,0,Dubai Internet City,25.095,55.1595
2025-10-19T15:38:37.268846+04:00,Real-time Monitoring,40,4000,33.121230735043056,86.33692327303076,22.271077921010313,10,34.91072865905085,0,Dubai Internet City,25.095,55.1595
2025-10-19T15:38:37.374739+04:00,Security Analytics,60,2000000,14.823344781808679,45.468059128673566,19.10467820485595,10,36.84994753441906,1,Dubai Silicon Oasis,25.1265,55.3925
2025-10-19T15:38:37.454535+04:00,Security Analytics,80,4000,16.17431296125989,46.472652413970835,19.413254519867916,10,52.191402855334715,0,Dubai Internet City,25.095,55.1595
2025-10-19T15:38:37.543767+04:00,Real-time Monitoring,80,4000,4.152253654493672,75.0276640929248,17.128080642518402,10,38.6804676221205,0,Dubai Internet City,25.095,55.1595
2025-10-19T15:38:37.634246+04:00,Incident Management,15,4000,11.68326123193718,65.87909715720355,17.862556749949636,10,59.76273283621087,1,Dubai Silicon Oasis,25.1265,55.3925
2025-10-19T15:38:37.704200+04:00,Security Analytics,80,2000000,18.536403333020903,80.02849498098897,16.12995994657077,10,40.1836458814001,4,Business Bay,25.184,55.264
2025-10-19T15:38:37.776930+04:00,Redundancy Validation,5,500000,17.193772233980866,44.82280981745204,19.860826439523215,10,36.999288797268726,0,Dubai Internet City,25.095,55.1595
2025-10-19T15:38:37.856115+04:00,Incident Management,60,200000,6.758922166230985,22.90579277636783,21.746994678112795,10,53.782645722247445,2,Dubai Marina,25.08,55.14
2025-10-19T15:38:38.004505+04:00,AI Predictive Maintenance,60,500000,11.022814280318178,42.61772592879509,19.129741718650497,10,44.15989311836369,0,Dubai Internet City,25.095,55.1595
2025-10-19T15:38:38.106464+04:00,Automation,40,200000,27.827648306552987,15.491664509961392,25.40033452205814,10,45.91735447760675,2,Dubai Marina,25.08,55.14
2025-10-19T15:38:38.622344+04:00,Secure Data Disposal,40,2000000,29.587046449248753,55.22175071387852,21.671367840158137,10,38.372253393273624,0,Dubai Internet City,25.095,55.1595
2025-10-19T15:38:38.839356+04:00,Workload Management,80,500000,13.485334009863491,60.094855243587865,18.641148865275078,10,42.24177347138766,0,Dubai Internet City,25.095,55.1595
2025-10-19T15:38:38.984779+04:00,Automated Provisioning,30,10000000,-1.0,-1.0,-1.0,10,20.122397940458836,10,,,
2025-10-19T15:38:39.240723+04:00,AI Predictive Maintenance,10,10000000,-1.0,-1.0,-1.0,10,35.81614609877645,10,,,
2025-10-19T15:38:39.319271+04:00,Vulnerability Management,5,4000,0.04455299006242974,26.662425448540382,21.427273883412045,10,37.69582816486832,0,Dubai Internet City,25.095,55.1595
2025-10-19T15:38:39.393704+04:00,Security Analytics,15,10000000,-1.0,-1.0,-1.0,10,52.75755203522656,10,,,
2025-10-19T15:38:39.467903+04:00,Redundancy Validation,40,200000,59.67070527198319,60.06391485824211,31.56729467682786,10,31.49508781265689,0,Dubai Internet City,25.095,55.1595
2025-10-19T15:38:39.542128+04:00,Redundancy Validation,20,500000,37.43050500643913,15.793320004343022,28.54351538259484,10,48.5416870101369,1,Dubai Silicon Oasis,25.1265,55.3925
2025-10-19T15:38:39.968035+04:00,Secure Data Disposal,15,2000000,54.61778381877708,18.33862666031781,33.333345757573916,10,45.426286033958476,0,Dubai Internet City,25.095,55.1595
2025-10-19T15:38:40.050473+04:00,Asset Management,80,10000000,-1.0,-1.0,-1.0,10,39.603596455401664,10,,,
2025-10-19T15:38:40.191315+04:00,Network Security,80,2000000,16.278426273101253,46.12534813380316,19.019402083994127,10,33.80543851227389,1,Dubai Silicon Oasis,25.1265,55.3925
2025-10-19T15:38:40.271458+04:00,Incident Management,10,10000000,-1.0,-1.0,-1.0,10,58.02672080724515,10,,,
2025-10-19T15:38:40.360162+04:00,Environmental Controls,80,500000,5.051930622614367,80.64820817692353,15.310893952638292,10,33.13681544517264,2,Dubai Marina,25.08,55.14
2025-10-19T15:38:40.438621+04:00,AI Predictive Maintenance,30,10000000,-1.0,-1.0,-1.0,10,47.063132526425655,10,,,
2025-10-19T15:38:40.551706+04:00,Redundancy Validation,10,200000,54.96288180991659,56.724909367216945,31.971015659245044,10,53.843265884161575,0,Dubai Internet City,25.095,55.1595
2025-10-19T15:38:40.652879+04:00,Preventive Maintenance,80,500000,13.571459528960691,49.87602804831459,19.01466986166181,10,50.875177156849176,4,Business Bay,25.184,55.264
2025-10-19T15:38:40.744509+04:00,Secure Data Disposal,20,500000,19.615958194389936,98.62028525333783,15.361023330781979,10,39.50957435158118,0,Dubai Internet City,25.095,55.1595
2025-10-19T15:38:40.818621+04:00,Security Analytics,10,10000000,-1.0,-1.0,-1.0,10,46.57020390132591,10,,,
2025-10-19T15:38:40.889934+04:00,Data Encryption,10,500000,80.37145229615037,39.544476012731394,41.615409896279914,10,44.3435506651559,0,Dubai Internet City,25.095,55.1595
2025-10-19T15:38:41.310713+04:00,Security Analytics,40,2000000,4.304786272581023,42.64804930319713,18.240831394428238,10,65.86824368787157,3,Jebel Ali Industrial Area,24.987,55.061
2025-10-19T15:38:41.477921+04:00,Automation,40,4000,57.477781903678526,93.83647955229094,27.858013060022632,10,40.62116220355036,0,Dubai Internet City,25.095,55.1595
2025-10-19T15:38:41.557890+04:00,Workload Management,10,2000000,27.111194921509405,66.88973072221098,20.790939436635718,10,33.66495383411315,0,Dubai Internet City,25.095,55.1595
2025-10-19T15:38:41.639985+04:00,Vulnerability Management,5,200000,52.137369861426,13.894292634435038,34.12226658621571,10,32.07202828218678,0,Dubai Internet City,25.095,55.1595
2025-10-19T15:38:41.711712+04:00,Preventive Maintenance,10,4000,8.630923861170029,11.061008960939981,23.59313313295934,10,44.71232528610334,0,Dubai Internet City,25.095,55.1595
2025-10-19T15:38:41.785618+04:00,Incident Management,10,10000000,-1.0,-1.0,-1.0,10,55.31156185955431,10,,,
2025-10-19T15:38:41.859172+04:00,Preventive Maintenance,15,10000000,-1.0,-1.0,-1.0,10,43.40089569538127,10,,,
2025-10-19T15:38:41.932303+04:00,Workload Management,30,2000000,7.972825971750144,47.43487641506863,17.34873847093702,10,36.06973194053657,0,Dubai Internet City,25.095,55.1595
2025-10-19T15:38:42.023053+04:00,Physical Access Control,40,200000,10.063744019800167,60.078122361034374,18.176775812269618,10,39.89961964720762,0,Dubai Internet City,25.095,55.1595
2025-10-19T15:38:42.093716+04:00,Power/Cooling Optimization,15,200000,79.8207926959042,50.65144184210217,38.882479739293245,10,41.31117272133584,0,Dubai Internet City,25.095,55.1595
2025-10-19T15:38:42.170603+04:00,Preventive Maintenance,15,10000000,-1.0,-1.0,-1.0,10,37.88333123723673,10,,,
2025-10-19T15:38:42.240822+04:00,Redundancy Validation,40,200000,23.338625150619194,74.653878411572,19.2418095185099,10,45.57920852138305,0,Dubai Internet City,25.095,55.1595
2025-10-19T15:38:42.301395+04:00,Preventive Maintenance,10,4000,35.9717325915446,31.43851998717173,26.663486637088322,10,47.92705412720193,0,Dubai Internet City,25.095,55.1595
2025-10-19T15:38:42.754831+04:00,Secure Data Disposal,40,500000,53.32616530572515,82.5969415951161,26.5842134413613,10,39.631507414845245,0,Dubai Internet City,25.095,55.1595
2025-10-19T15:38:42.817375+04:00,Data Encryption,20,4000,54.135820177822744,15.649152551873371,33.5188690279236,10,24.623730721551027,0,Dubai Internet City,25.095,55.1595
2025-10-19T15:38:42.886768+04:00,Preventive Maintenance,10,4000,8.88632793231965,86.34287946653835,15.529626957641899,10,40.944412855199744,0,Dubai Internet City,25.095,55.1595
2025-10-19T15:38:43.043672+04:00,Redundancy Validation,30,10000000,-1.0,-1.0,-1.0,10,37.47974713504909,10,,,
2025-10-19T15:38:43.108284+04:00,Real-time Monitoring,20,4000,11.410112402791233,62.40043406801271,18.36227820150936,10,43.74416104176724,1,Dubai Silicon Oasis,25.1265,55.3925
2025-10-19T15:38:43.196947+04:00,Network Security,40,2000000,12.073727590041042,22.917995822112314,22.336227068968284,10,44.762616070640604,0,Dubai Internet City,25.095,55.1595
2025-10-19T15:38:43.264677+04:00,Physical Access Control,10,2000000,33.47208114531106,88.91761833578498,20.367986809561042,10,31.100858105294424,0,Dubai Internet City,25.095,55.1595
2025-10-19T15:38:43.333893+04:00,Real-time Monitoring,30,4000,58.475957367822495,64.17131320359539,29.882086469881337,10,40.51439888839039,0,Dubai Internet City,25.095,55.1595
2025-10-19T15:38:43.402119+04:00,Capacity Planning,40,500000,45.94626632316804,66.85833652307605,28.669640543797158,10,60.12041522851276,6,Dubai Knowledge Park,25.102,55.163
2025-10-19T15:38:43.499329+04:00,Environmental Controls,5,500000,29.503049034973298,72.86374847929892,21.394625987284513,10,38.96767091912555,1,Dubai Silicon Oasis,25.1265,55.3925
2025-10-19T15:38:43.624686+04:00,Data Encryption,5,2000000,9.119269737375294,68.49065021352996,17.1041353075483,10,43.76572721665107,0,Dubai Internet City,25.095,55.1595
2025-10-19T15:38:43.706786+04:00,Physical Access Control,40,10000000,-1.0,-1.0,-1.0,10,55.42586942975761,10,,,
2025-10-19T15:38:43.871167+04:00,Capacity Planning,10,10000000,-1.0,-1.0,-1.0,10,40.85073379697521,10,,,
2025-10-19T15:38:44.199450+04:00,Physical Access Control,40,200000,33.649236268846,34.5139026957071,26.952773463440398,10,46.82212412228067,0,Dubai Internet City,25.095,55.1595
2025-10-19T15:38:44.298440+04:00,Physical Access Control,80,2000000,18.52863365324948,21.827810895803587,22.86419343217053,10,51.80699425843697,6,Dubai Knowledge Park,25.102,55.163
2025-10-19T15:38:44.379237+04:00,Automation,15,200000,44.96327483887619,57.79247089304987,28.66483668016066,10,57.045067647533344,0,Dubai Internet City,25.095,55.1595
2025-10-19T15:38:44.449328+04:00,Physical Access Control,5,2000000,81.95623370644068,86.24686250993457,34.39132995863314,10,47.877167623298305,0,Dubai Internet City,25.095,55.1595
2025-10-19T15:38:44.511895+04:00,Preventive Maintenance,30,2000000,2.693708314742306,78.85759055459751,15.80767251173244,10,26.72540285102004,0,Dubai Internet City,25.095,55.1595
2025-10-19T15:38:44.588883+04:00,Preventive Maintenance,60,2000000,21.10537683903899,22.610807319600934,23.32841273147148,10,43.708510067840294,5,Al Quoz,25.136,55.22
2025-10-19T15:38:44.749214+04:00,Automated Provisioning,30,4000,53.32272539476946,98.54845404625215,24.73851443249197,10,45.571078265952806,2,Dubai Marina,25.08,55.14
2025-10-19T15:38:44.824208+04:00,Real-time Monitoring,60,2000000,0.4264585187882408,30.35203763589095,22.353893527522946,10,43.40568691017135,0,Dubai Internet City,25.095,55.1595
2025-10-19T15:38:44.894002+04:00,Secure Data Disposal,40,2000000,38.3262633068055,57.8679043504104,24.09394720095306,10,41.27090035400055,0,Dubai Internet City,25.095,55.1595
2025-10-19T15:38:44.959846+04:00,Power/Cooling Optimization,5,2000000,31.346918983572998,40.38715846549379,26.654345666173853,10,42.858712024981784,0,Dubai Internet City,25.095,55.1595
2025-10-19T15:38:45.035013+04:00,Physical Access Control,20,500000,61.57449928744619,87.96773492025393,29.217332624950856,10,47.481541632426605,1,Dubai Silicon Oasis,25.1265,55.3925
2025-10-19T15:38:45.349890+04:00,Redundancy Validation,10,2000000,8.05413470922758,51.13442957235695,17.971453435257573,10,46.12294016783652,0,Dubai Internet City,25.095,55.1595
2025-10-19T15:38:45.533515+04:00,Network Security,20,2000000,44.37462400467162,72.30534417731768,26.649702502451124,10,48.342054618351874,0,Dubai Internet City,25.095,55.1595
2025-10-19T15:38:45.602272+04:00,Capacity Planning,30,500000,59.477962261746455,32.75723375383999,33.23601317617789,10,61.340462943393995,0,Dubai Internet City,25.095,55.1595
2025-10-19T15:38:45.759852+04:00,Physical Access Control,80,500000,12.377375029904101,75.42412393714125,16.517570682042,10,37.57238608796603,0,Dubai Internet City,25.095,55.1595
2025-10-19T15:38:45.831517+04:00,Preventive Maintenance,40,2000000,22.72156031944569,47.255100330350665,22.025205450574514,10,50.19204974654818,0,Dubai Internet City,25.095,55.1595
2025-10-19T15:38:45.907458+04:00,Automation,10,200000,80.26436843954127,24.332122154427218,42.237139416109194,10,47.548727134154475,0,Dubai Internet City,25.095,55.1595
2025-10-19T15:38:45.970865+04:00,Asset Management,5,500000,75.87263049063701,36.547366797141606,39.87447210569814,10,32.69724886359795,0,Dubai Internet City,25.095,55.1595
2025-10-19T15:38:46.036124+04:00,Preventive Maintenance,5,2000000,78.1162228542176,19.431979654314596,40.802311154367665,10,60.90640465399042,0,Dubai Internet City,25.095,55.1595
2025-10-19T15:38:46.109183+04:00,Workload Management,40,10000000,-1.0,-1.0,-1.0,10,29.76794205021708,10,,,
2025-10-19T15:38:46.204005+04:00,Secure Data Disposal,30,4000,29.421826884317056,26.367562814167893,25.934878077861477,10,37.26295806984514,0,Dubai Internet City,25.095,55.1595
2025-10-19T15:38:46.319430+04:00,Capacity Planning,20,2000000,28.54678491650775,51.156748150216394,22.882070818762063,10,30.8643319726105,0,Dubai Internet City,25.095,55.1595
2025-10-19T15:38:46.399479+04:00,Capacity Planning,10,4000,42.83752387569954,64.43888924458548,26.795859803999637,10,52.988091318006845,0,Dubai Internet City,25.095,55.1595
2025-10-19T15:38:46.469613+04:00,Automation,80,500000,19.991056016605363,14.611030319966474,24.3294322867769,10,52.604473512437664,2,Dubai Marina,25.08,55.14
2025-10-19T15:38:46.917147+04:00,Workload Management,15,10000000,-1.0,-1.0,-1.0,10,35.831631743595445,10,,,
2025-10-19T15:38:47.000598+04:00,Incident Management,20,4000,68.60322850813637,52.68025238591463,34.58636621727675,10,52.4542076180207,0,Dubai Internet City,25.095,55.1595
2025-10-19T15:38:47.077215+04:00,Capacity Planning,20,4000,45.42608310627756,67.15768212568847,27.793079482447865,10,38.077099118609524,0,Dubai Internet City,25.095,55.1595
2025-10-19T15:38:47.202862+04:00,Secure Data Disposal,30,4000,7.6541484458509945,58.53175665502823,16.604414204893573,10,27.9910164749704,0,Dubai Internet City,25.095,55.1595
2025-10-19T15:38:47.300994+04:00,Secure Data Disposal,10,10000000,-1.0,-1.0,-1.0,10,47.85737803581519,10,,,
2025-10-19T15:38:47.385410+04:00,Workload Management,60,200000,26.920358343931717,23.118540431474468,24.64249943915579,10,44.94196337626666,3,Jebel Ali Industrial Area,24.987,55.061
2025-10-19T15:38:47.454112+04:00,Vulnerability Management,60,4000,26.373513215707433,86.92654878229133,18.59394910559624,10,38.71742975013341,1,Dubai Silicon Oasis,25.1265,55.3925
2025-10-19T15:38:47.524431+04:00,Environmental Controls,60,500000,0.24529201674568069,22.439962778550157,21.7134884995353,10,39.394590907057434,0,Dubai Internet City,25.095,55.1595
2025-10-19T15:38:47.594228+04:00,Preventive Maintenance,10,2000000,19.000165576745808,34.86271869505579,21.265270542171542,10,45.5880611030845,0,Dubai Internet City,25.095,55.1595
2025-10-19T15:38:47.733138+04:00,Physical Access Control,40,10000000,-1.0,-1.0,-1.0,10,42.816349897084535,10,,,
2025-10-19T15:38:47.811263+04:00,Incident Management,20,4000,36.81711835801617,63.49015521238266,24.52472711805761,10,51.57156206828428,0,Dubai Internet City,25.095,55.1595
2025-10-19T15:38:47.971089+04:00,Asset Management,60,200000,14.489379986832745,16.594229648993668,23.116538684351397,10,38.60562832983144,0,Dubai Internet City,25.095,55.1595
2025-10-19T15:38:48.332307+04:00,Workload Management,5,500000,20.497137456679127,79.14891722001059,17.83300140093745,10,35.620828815936285,0,Dubai Internet City,25.095,55.1595
2025-10-19T15:38:48.389360+04:00,Redundancy Validation,20,4000,62.740117191078056,22.5675646810934,37.31962180710854,10,56.66969841678637,1,Dubai Silicon Oasis,25.1265,55.3925
2025-10-19T15:38:48.449975+04:00,Security Analytics,30,2000000,59.208304994717416,45.263550283988565,34.97861815426059,10,27.173339160525963,0,Dubai Internet City,25.095,55.1595
2025-10-19T15:38:48.505440+04:00,AI Predictive Maintenance,10,200000,0.8909964039364848,99.59924135304479,15.490563803574348,10,38.45370724886919,0,Dubai Internet City,25.095,55.1595
2025-10-19T15:38:48.570075+04:00,Secure Data Disposal,15,10000000,-1.0,-1.0,-1.0,10,42.364473379106556,10,,,
2025-10-19T15:38:48.627141+04:00,Disaster Recovery,40,10000000,-1.0,-1.0,-1.0,10,38.53843811163624,10,,,
2025-10-19T15:38:48.685901+04:00,Data Encryption,40,200000,10.784925371985484,45.41039437420693,18.451937762425715,10,44.02855746067525,1,Dubai Silicon Oasis,25.1265,55.3925
2025-10-19T15:38:48.748436+04:00,MLOps,5,200000,37.754226623726254,83.73924126548285,22.881905474031747,10,44.583548082302784,0,Dubai Internet City,25.095,55.1595
2025-10-19T15:38:48.837222+04:00,Capacity Planning,40,2000000,44.36098729993327,25.978664555746494,31.086986036899066,10,55.37045388029976,0,Dubai Internet City,25.095,55.1595
2025-10-19T15:38:48.936653+04:00,Power/Cooling Optimization,20,4000,62.05661254791439,66.99818647012782,32.06865247438993,10,43.6548797563169,0,Dubai Internet City,25.095,55.1595
2025-10-19T15:38:48.994515+04:00,Automation,60,2000000,9.733097037684502,45.999224031023545,17.57266284789042,10,42.978520855587035,1,Dubai Silicon Oasis,25.1265,55.3925
2025-10-19T15:38:49.073225+04:00,Incident Management,5,200000,36.15720543854427,17.13899888432298,29.493501939505908,10,53.61824469647445,1,Dubai Silicon Oasis,25.1265,55.3925
2025-10-19T15:38:49.134350+04:00,Incident Management,10,10000000,-1.0,-1.0,-1.0,10,29.52676650161207,10,,,
2025-10-19T15:38:49.209607+04:00,MLOps,80,4000,0.8812955031040925,27.152633037776766,19.759865870959967,10,39.86596590734915,0,Dubai Internet City,25.095,55.1595
2025-10-19T15:38:49.275440+04:00,Data Encryption,40,2000000,54.27914546841688,39.66669294820862,32.5774396304594,10,52.89948823308524,0,Dubai Internet City,25.095,55.1595
2025-10-19T15:38:49.570465+04:00,Workload Management,80,200000,-1.0,-1.0,-1.0,10,61.025521339445945,10,,,
2025-10-19T15:38:49.631776+04:00,Network Security,20,200000,30.74793428653183,83.96897564575968,22.667112889352097,10,43.77485600806229,0,Dubai Internet City,25.095,55.1595
2025-10-19T15:38:49.718281+04:00,Data Encryption,30,10000000,-1.0,-1.0,-1.0,10,42.87909217544797,10,,,
2025-10-19T15:38:49.831945+04:00,Incident Management,80,4000,0.5617998019373072,67.85698951472666,17.255537776462756,10,40.310757377706196,3,Jebel Ali Industrial Area,24.987,55.061
2025-10-19T15:38:49.942505+04:00,Preventive Maintenance,20,10000000,-1.0,-1.0,-1.0,10,42.517449437376634,10,,,
2025-10-19T15:38:50.108248+04:00,Incident Management,20,200000,3.7723263253705364,67.91885777878366,17.255537776462756,10,42.38960741229269,0,Dubai Internet City,25.095,55.1595
2025-10-19T15:38:50.259458+04:00,Network Security,30,4000,64.86175973060318,10.393462175126352,37.528398023602755,10,54.606497661524756,0,Dubai Internet City,25.095,55.1595
2025-10-19T15:38:50.349832+04:00,Automated Provisioning,30,10000000,-1.0,-1.0,-1.0,10,34.986674805363904,10,,,
2025-10-19T15:38:50.473396+04:00,Disaster Recovery,60,200000,7.026156702440929,72.98251498480103,16.329262783863598,10,36.633009981055054,0,Dubai Internet City,25.095,55.1595
2025-10-19T15:38:50.559616+04:00,Power/Cooling Optimization,20,10000000,-1.0,-1.0,-1.0,10,43.82065607881003,10,,,
2025-10-19T15:39:54.153604+04:00,40,200000,Real-time Monitoring,29.74033458670763,67.24683930537115,20.3741576158365,10,47.84092623703191,8,Dubai Academic City,25.118,55.404
2025-10-19T15:44:11.019402+04:00,40,200000,Real-time Monitoring,0.10743723556233764,72.20805886677209,17.395863124957597,10,45.969066825753,0,Dubai Internet City,25.095,55.1595
